{
  "project_info": {
    "project_number": "409617117485",
    "firebase_url": "https://hystoryfirebase.firebaseio.com",
    "project_id": "hystoryfirebase",
    "storage_bucket": "hystoryfirebase.appspot.com"
  },
  "client": [
    {
      "client_info": {
        "mobilesdk_app_id": "1:409617117485:android:961e1b95dbb51247",
        "android_client_info": {
          "package_name": "com.example.biancaionescu.history"
        }
      },
      "oauth_client": [
        {
          "client_id": "409617117485-oq8ogmvciijtoqm2pvksbkhu1601fjkf.apps.googleusercontent.com",
          "client_type": 3
        }
      ],
      "api_key": [
        {
          "current_key": "AIzaSyD12LljuRzWUTnyiR2TnqBaKBBQxFJILsU"
        }
      ],
      "services": {
        "analytics_service": {
          "status": 1
        },
        "appinvite_service": {
          "status": 1,
          "other_platform_oauth_client": []
        },
        "ads_service": {
          "status": 2
        }
      }
    }
  ],
  "configuration_version": "1"
}